"","TIMESTAMP","NO3.N","TDN","DOC"
"1",2021-10-20 18:25:00,0.129234203655542,0.332610955991492,5.07228723503
"2",2021-10-20 18:26:00,0.117439680150945,0.324358594385004,4.90053581646466
"3",2021-10-20 18:27:00,0.110928036837036,0.323805288061725,4.8665380480289
"4",2021-10-20 18:28:00,0.110963196434181,0.320330027685225,4.9228621833523
"5",2021-10-20 18:29:00,0.112882453122918,0.324663443908098,4.85110423380947
"6",2021-10-20 18:30:00,0.119888100074036,0.320381558873318,4.89695643880833
"7",2021-10-20 18:32:00,0.12234313657587,0.320938444611575,4.86009373262736
"8",2021-10-20 18:33:00,0.112367705981614,0.317960053125661,4.75951612480816
"9",2021-10-20 18:34:00,0.114046566811642,0.318429767149196,4.86971369391555
"10",2021-10-20 18:35:00,0.108152264263047,0.317454123414716,4.68648370078162
"11",2021-10-20 18:36:00,0.112805227225592,0.317570096972132,4.7622528619155
"12",2021-10-20 18:37:00,0.111624814133867,0.320409515566743,4.79712729667333
"13",2021-10-20 18:38:00,0.113933770724226,0.315669144005279,4.80208424396343
"14",2021-10-20 18:39:00,0.117380945805262,0.316959536801522,4.78092744011475
"15",2021-10-20 18:40:00,0.112121706770867,0.316189181723124,4.80428660879556
"16",2021-10-20 18:41:00,0.107903347540933,0.314367811553278,4.76394906145429
"17",2021-10-20 18:42:00,0.110112354495559,0.314981882431639,4.73974356844649
"18",2021-10-20 18:43:00,0.108112869291827,0.312799952461861,4.65933173854291
"19",2021-10-20 18:44:00,0.112095695760641,0.313598064737799,4.79144057977535
"20",2021-10-20 18:45:00,0.104182150803354,0.310674402237529,4.59595854883324
"21",2021-10-20 18:47:00,0.105809945910595,0.313355304243856,4.64439301840941
"22",2021-10-20 18:48:00,0.113085022799542,0.313882577246078,4.79141540092299
"23",2021-10-20 18:49:00,0.0972423364497846,0.310037563107126,4.55252073892677
"24",2021-10-20 18:50:00,0.104757097693399,0.310007932226492,4.6287197245693
"25",2021-10-20 18:51:00,0.105763298804671,0.311071085621953,4.60056570335649
"26",2021-10-20 18:53:00,0.104436847915079,0.310234930541647,4.61378689710404
"27",2021-10-20 18:54:00,0.100993966673597,0.306847820408315,4.4973436998313
"28",2021-10-20 18:55:00,0.113197111518754,0.309350307792447,4.63072109333763
"29",2021-10-20 18:56:00,0.119122554442491,0.313466570937394,4.65860827822688
"30",2021-10-20 18:57:00,0.114151212320485,0.311440895279864,4.62812915449979
"31",2021-10-20 18:58:00,0.125446126747669,0.309938480334982,4.75501714490758
"32",2021-10-21 08:30:00,1.4610332320748,2.09026308161982,7.3831980531457
"33",2021-10-21 08:31:00,1.63596753660196,2.09896479615644,7.33259905280601
"34",2021-10-21 08:32:00,1.49136247659795,2.09775582246768,7.29988147495181
"35",2021-10-21 08:33:00,1.79177073609929,2.11151522507857,7.564831282835
"36",2021-10-21 08:34:00,1.64272753454455,2.09849218480853,7.45597675184539
"37",2021-10-21 08:35:00,1.65906965305179,2.08950530978475,7.36279028232498
"38",2021-10-21 08:36:00,1.59065844815255,2.11599761773723,7.52664304154606
"39",2021-10-21 08:37:00,1.64289522362825,2.11098718670405,7.32000590818673
"40",2021-10-21 08:38:00,1.72077760609333,2.1479459521539,7.60144031011753
"41",2021-10-21 08:39:00,1.43780865411141,2.11268097764044,7.4489213495013
"42",2021-10-21 08:40:00,1.66665490345826,2.06566616785107,7.47582246043123
"43",2021-10-21 08:41:00,1.67091367497255,2.15161785359877,7.28137311010551
"44",2021-10-21 08:42:00,1.62427443560339,2.18144409497712,7.59356316020352
"45",2021-10-21 08:43:00,1.74249176927253,2.19012967563924,7.63918157597226
"46",2021-10-21 08:44:00,1.88687824465967,2.20324886866822,7.38389086276932
"47",2021-10-21 08:45:00,1.54831880994198,2.19242214720762,7.31344017798537
"48",2021-10-21 08:46:00,1.81618050903808,2.20709841652548,7.38316684187321
"49",2021-10-21 08:47:00,1.67484074057453,2.21193161599718,7.50656788019194
"50",2021-10-21 08:48:00,1.53991746848901,2.21345368559445,7.48757342461218
"51",2021-10-21 08:49:00,1.75314488570232,2.22867996479547,7.52322001091109
"52",2021-10-21 08:50:00,1.62444052025383,2.24396521297164,7.44343102025707
"53",2021-10-21 08:51:00,1.74686956855152,2.26282804317245,7.54278443670973
"54",2021-10-21 08:52:00,1.81026943430459,2.26358389261268,7.28697953171706
"55",2021-10-21 08:53:00,1.63680977408553,2.25225547109411,7.46972597894854
"56",2021-10-21 08:54:00,1.63240227672932,2.23881031094692,7.21918280180471
"57",2021-10-21 08:55:00,1.77778159083575,2.29251192820867,7.60601603359599
"58",2021-10-21 08:56:00,1.46075123231739,2.23933066833623,7.4654657146755
"59",2021-10-21 08:57:00,1.38725914364458,2.25336005884126,7.21078888374598
"60",2021-10-21 08:58:00,1.63372867580176,2.29334039286302,7.45096970539473
"61",2021-10-21 08:59:00,1.7107843656369,2.28118517965528,7.34364868800974
"62",2021-10-21 09:00:00,1.86632036542326,2.32164527129,7.57043389934808
"63",2021-10-21 09:01:00,1.72098915319605,2.31256612235164,7.39509804294656
"64",2021-10-21 09:02:00,1.47519460112719,2.2849386167812,7.38712772019197
"65",2021-10-21 09:03:00,1.39415363119825,2.29265559507497,7.39607036463947
"66",2021-10-21 09:04:00,1.51113578430236,2.30441837699668,7.60640222985689
"67",2021-10-21 09:05:00,1.59660880601183,2.34748701880545,7.47216416673529
"68",2021-10-21 09:06:00,1.85148393459765,2.30810708845349,7.79620900147509
"69",2021-10-21 09:07:00,1.61845950599792,2.30292095061378,7.59085560158343
"70",2021-10-21 09:08:00,1.76998238284086,2.32261430754259,7.64295257003379
"71",2021-10-21 09:09:00,1.8048022827546,2.31364870563943,7.36552080390374
"72",2021-10-21 09:10:00,1.60818264469759,2.3012397167075,7.32546822989603
"73",2021-10-21 09:11:00,1.77080345261323,2.35365659622496,7.73084218898512
"74",2021-10-21 09:12:00,1.83811234993392,2.34589834232058,7.62549525755298
"75",2021-10-21 09:13:00,1.83793319966244,2.35963908058631,7.84426927175002
"76",2021-10-21 09:14:00,1.62661625693626,2.33573495611862,7.58191567731273
"77",2021-10-21 09:15:00,1.91772394111195,2.37460291491138,7.67500236847861
"78",2021-10-21 09:16:00,1.60065326125437,2.35990013295371,7.59640120450515
"79",2021-10-21 09:17:00,1.67289874106897,2.37203600674285,7.40903675493872
"80",2021-10-21 09:18:00,1.59469117970354,2.38054742657544,7.53359219192193
"81",2021-10-21 09:19:00,1.78186370010217,2.39048064332836,7.56802859330925
"82",2021-10-21 09:20:00,1.71673750604706,2.36054676295669,7.44550113494545
"83",2021-10-21 09:21:00,1.90143871278679,2.40720864349193,7.53626366348719
"84",2021-10-21 09:22:00,1.74551126737923,2.39715352028961,7.59431690577362
"85",2021-10-21 09:23:00,1.88818284561721,2.42424613469398,7.56763758886808
"86",2021-10-21 09:24:00,1.86819835884688,2.42951771042671,7.59776997929401
"87",2021-10-21 09:25:00,1.55765584686847,2.40917391300595,7.3575491072062
"88",2021-10-21 09:26:00,1.69979771046212,2.41950533135785,7.47629292884481
"89",2021-10-21 09:27:00,1.80870879749349,2.42236410486058,7.51200682362418
"90",2021-10-21 09:28:00,1.77681530576215,2.46710148992764,7.70870355824655
"91",2021-10-21 09:29:00,1.70283974835471,2.44017828405424,7.40995060945747
"92",2021-10-21 09:30:00,1.74990128457766,2.45096846617516,7.53341423738605
"93",2021-10-21 09:31:00,1.6953566142591,2.46535158893194,7.57543750293304
"94",2021-10-21 09:32:00,1.53587188273216,2.41619137285211,7.36394632602378
"95",2021-10-21 09:33:00,1.88839223897198,2.49953093732105,7.60312906356373
"96",2021-10-21 09:34:00,1.51390453170116,2.41766626628781,7.50008154776464
"97",2021-10-21 09:35:00,1.50202913671874,2.45013188567408,7.33889663193776
"98",2021-10-21 09:36:00,1.40056707172002,2.42937191775962,7.32379445363701
"99",2021-10-21 09:37:00,1.49024291290199,2.42039014981341,7.11647539878602
"100",2021-10-21 09:38:00,1.63087810553179,2.45288100443066,7.26257863382118
"101",2021-10-21 09:39:00,1.47285902524138,2.42799494563209,7.13341370945349
"102",2021-10-21 09:40:00,1.53307917876174,2.47359464083666,7.39747600709639
"103",2021-10-21 09:42:00,1.47677204571295,2.45965738605194,7.28433770881448
"104",2021-10-21 09:43:00,1.30950476401037,2.41897248905922,6.96775623520853
"105",2021-10-21 09:44:00,1.50274637194816,2.45545994240249,7.3473414913126
"106",2021-10-21 09:45:00,1.5190660102998,2.4956506449692,7.54768231730861
"107",2021-10-21 09:46:00,1.50381333581937,2.48238740654333,7.29117450886993
"108",2021-10-21 09:47:00,1.47577226368441,2.48693990187211,7.24620518071619
"109",2021-10-21 09:48:00,1.43575480565332,2.48216861463688,7.26055412459912
"110",2021-10-21 09:49:00,1.54489746784759,2.48265245771783,7.23544350658171
"111",2021-10-21 09:50:00,1.52763050761223,2.47475280854226,7.43729810990648
"112",2021-10-21 09:51:00,1.69778048052482,2.50651816550568,7.6649509609982
"113",2021-10-21 09:52:00,1.79099076834559,2.5036979512159,7.68341868036657
"114",2021-10-21 09:53:00,2.09419238284649,2.57652029263727,7.82316436575345
"115",2021-10-21 09:54:00,1.72703676433359,2.48166444629595,7.44601056683531
"116",2021-10-21 09:55:00,1.56637182751441,2.48937611721505,7.3010688620413
"117",2021-10-21 09:56:00,1.61601610113798,2.49337027626313,7.49257930116416
"118",2021-10-21 09:57:00,1.43001380583036,2.47579735583849,7.50886781199955
"119",2021-10-21 09:58:00,1.46749496158069,2.50750158979849,7.29143705503648
"120",2021-10-21 09:59:00,1.5060613214542,2.49684084235965,7.34699837001852
"121",2021-10-21 10:00:00,1.56703099339907,2.50028309988358,7.56933082389515
"122",2021-10-21 10:01:00,1.52829191993858,2.49285339571188,7.31675691118064
"123",2021-10-21 10:02:00,1.57678927507068,2.50166347063782,7.35279733275949
"124",2021-10-21 10:03:00,2.47815891750718,2.61785467432181,7.72752816734998
"125",2021-10-21 10:04:00,1.45686932028341,2.49222965171476,7.36798728777008
"126",2021-10-21 10:05:00,1.42108678014068,2.46251332788591,7.20633488500135
"127",2021-10-21 10:06:00,1.66225358672074,2.50856333132694,7.48805716550178
"128",2021-10-21 10:08:00,1.47246890852957,2.47597363061396,7.1882780152833
"129",2021-10-21 10:09:00,1.92905058846733,2.52294843022709,7.41036828386459
"130",2021-10-21 10:10:00,1.76646740472262,2.51979568815953,7.65881546456396
"131",2021-10-21 10:11:00,1.72921634990882,2.51567778354433,7.4373365060141
"132",2021-10-21 10:12:00,1.64835643417923,2.52474441204034,7.41465896653182
"133",2021-10-21 10:13:00,1.66163217313209,2.50504207527231,7.4647466535115
"134",2021-10-21 10:14:00,1.63103952284799,2.50675778907209,7.53197549776295
"135",2021-10-21 10:15:00,1.60294507003414,2.50743224468225,7.47753080612126
"136",2021-10-21 10:16:00,1.54548840439747,2.4725675099125,7.22358192235269
"137",2021-10-21 10:17:00,1.75372902330798,2.51158780499237,7.26612760518018
"138",2021-10-21 10:18:00,1.52332161866129,2.4749422335642,7.43568403237799
"139",2021-10-21 10:19:00,1.61977599888604,2.50481693844977,7.40903094116409
"140",2021-10-21 10:20:00,1.48244864277721,2.48203789993729,7.41563388467531
"141",2021-10-21 10:21:00,1.52534558430136,2.46520219457064,7.39216727000674
"142",2021-10-21 10:22:00,1.79115515510836,2.49825462807816,7.63612146238535
"143",2021-10-21 10:23:00,1.68561828537274,2.48072721122995,7.31137029047617
"144",2021-10-21 10:24:00,1.68094467184248,2.52399714149566,7.42875719659734
"145",2021-10-21 10:25:00,1.57287363016233,2.49057773251422,7.59194972364617
"146",2021-10-21 10:26:00,1.66459067758503,2.51195955414055,7.49690066664929
"147",2021-10-21 10:27:00,1.84454353014946,2.50806431492674,7.53509188093339
"148",2021-10-21 10:28:00,1.40088752475211,2.4802315278103,7.30613730546236
"149",2021-10-21 10:29:00,1.53394765608565,2.49041301437639,7.39819684591088
"150",2021-10-21 10:30:00,1.67339454973975,2.53984186689541,7.56947765307883
"151",2021-10-21 10:31:00,1.74805891436845,2.53761574630055,7.37187701778669
"152",2021-10-21 10:32:00,1.6086752326611,2.54889116847842,7.5240619046899
"153",2021-10-21 10:33:00,1.5270465354673,2.53878218903447,7.26558958725496
"154",2021-10-21 10:34:00,1.74977037315612,2.58340990737417,7.38342389816594
"155",2021-10-21 10:35:00,1.83666334252069,2.61238936243283,7.37002766845598
"156",2021-10-21 10:36:00,1.69667188360718,2.64204238739442,7.52289396454633
"157",2021-10-21 10:37:00,1.46580289757133,2.61397140715378,7.63481831309639
"158",2021-10-21 10:38:00,1.49234608662118,2.60631165904438,7.19219398024451
"159",2021-10-21 10:39:00,1.66290622686425,2.57972222326795,7.28483802696498
"160",2021-10-21 10:40:00,1.81225254048755,2.67566477419378,7.18916223987924
"161",2021-10-21 10:41:00,1.82730257338957,2.68059362663198,7.37125191225432
"162",2021-10-21 10:42:00,1.55555970806883,2.69458127395766,7.42380588980179
"163",2021-10-21 10:43:00,1.57293133586282,2.71162995058607,7.31751126400389
"164",2021-10-21 10:44:00,1.73271398293242,2.73884732337055,7.38486779781197
"165",2021-10-21 10:45:00,1.66354115698284,2.72423922182501,7.32921531024935
"166",2021-10-21 10:46:00,1.98783012868525,2.82244678913188,7.62387759113752
"167",2021-10-21 10:47:00,1.48090404216138,2.75275383192995,7.52856763118555
"168",2021-10-21 10:48:00,1.7436420079811,2.78932894319067,7.41917570602955
"169",2021-10-21 10:49:00,1.64986788093434,2.73910846734969,7.41054482670749
"170",2021-10-21 10:50:00,1.50684393225889,2.74029079616383,7.29527452815259
"171",2021-10-21 10:51:00,1.65876156239746,2.80813089766135,7.39986797797691
"172",2021-10-21 10:52:00,2.03642594994558,2.81101515857256,7.48203192158567
"173",2021-10-21 10:53:00,1.6781851437781,2.80556736986099,7.43266045007364
"174",2021-10-21 10:54:00,1.74001876664175,2.79931420392377,7.16450637082267
"175",2021-10-21 10:55:00,1.75724732860586,2.83084470465899,7.6130532150054
"176",2021-10-21 10:56:00,1.60360277361065,2.81744260826892,7.41584929329122
"177",2021-10-21 10:57:00,1.7334573820036,2.80894844052069,7.58069663442999
"178",2021-10-21 10:58:00,1.33873233787936,2.84254364618341,7.6484353742416
"179",2021-10-21 10:59:00,1.58833456950431,2.80654766546631,7.40551044491485
"180",2021-10-21 11:00:00,1.75702162629018,2.83858918022994,7.5295006493399
"181",2021-10-21 11:01:00,1.71507958080549,2.8588958304418,7.25410191823824
"182",2021-10-21 11:02:00,1.84937242359434,2.79573094035879,7.48389647712764
"183",2021-10-21 11:03:00,1.6753479312194,2.77879597635383,7.55465052502805
"184",2021-10-21 11:04:00,1.65107571078207,2.77506983514228,7.71089014179525
"185",2021-10-21 11:05:00,1.63791132275207,2.7870757890112,7.46102716477539
"186",2021-10-21 11:06:00,1.46832874943741,2.74484941018585,7.41682025314457
"187",2021-10-21 11:07:00,1.65356631962799,2.73332681231993,7.532823314567
"188",2021-10-21 11:08:00,1.56956855112119,2.72147543691709,7.50334662057113
"189",2021-10-21 11:09:00,1.45671805680682,2.67901089166483,7.36900652347837
"190",2021-10-21 11:10:00,2.02685276234559,2.69340565800778,7.62554398613835
"191",2021-10-21 11:11:00,1.53786992527592,2.64022921318637,7.37514749157616
"192",2021-10-21 11:13:00,1.74674111858643,2.66529198212911,7.67032411645094
"193",2021-10-21 11:14:00,2.37670507529918,2.70275018776454,7.95123963394497
"194",2021-10-21 11:15:00,1.84072813671523,2.66156914485282,7.65572642081409
"195",2021-10-21 11:16:00,1.70426761753359,2.58367400867208,7.52350218806849
"196",2021-10-21 11:17:00,1.47773916955056,2.5523681320718,7.3366991683289
"197",2021-10-21 11:18:00,1.72367189597979,2.58771504652019,7.407046412045
"198",2021-10-21 11:19:00,1.64232779977926,2.54610380520222,7.38798212835246
"199",2021-10-21 11:20:00,1.87226796284725,2.5677066067535,7.3835466379118
"200",2021-10-21 11:21:00,1.54465156632994,2.55241163192485,7.43607846815873
"201",2021-10-21 11:22:00,1.70545276931516,2.56023202307519,7.29162057753654
"202",2021-10-21 11:23:00,1.65264553490868,2.5548865716942,7.51939402435532
"203",2021-10-21 11:24:00,1.46540286113697,2.5541952471018,7.16436314226743
"204",2021-10-21 11:25:00,1.50975363548955,2.560050490053,7.1982626355849
"205",2021-10-21 11:26:00,1.99032890842398,2.61020335064456,7.45180795446206
"206",2021-10-21 12:01:00,1.22558522276473,2.56051022224849,7.50860814888003
"207",2021-10-21 12:02:00,1.31266818710574,2.55148414329658,7.5460711871111
"208",2021-10-21 12:03:00,3.07892547384565,2.79247075147626,8.55633109291709
"209",2021-10-21 12:04:00,1.88431887750225,2.71255977602233,8.07679229946814
"210",2021-10-21 12:05:00,2.00282459481746,2.65239874707107,7.83560589348542
"211",2021-10-21 12:06:00,2.0784688423822,2.69282655376253,8.03038820382409
"212",2021-10-21 12:07:00,1.57001233924217,2.60279596557821,7.8572070134529
"213",2021-10-21 12:08:00,1.50786718808188,2.58736452753244,7.79466940070809
"214",2021-10-21 12:09:00,1.43111025084693,2.5659707918399,7.6840282029854
"215",2021-10-21 12:10:00,1.2362630404768,2.50998950638625,7.62078015019561
"216",2021-10-21 12:11:00,1.27009742137901,2.47195822620107,7.45388542260284
"217",2021-10-21 12:12:00,1.25186632949924,2.46940531958984,7.35375198302766
"218",2021-10-21 12:13:00,1.24122130459401,2.43884616101834,7.25439694028008
"219",2021-10-21 12:14:00,1.22533261407645,2.42541895052892,7.40726457845067
"220",2021-10-21 12:15:00,1.30205975226754,2.4294408892798,7.56161439431762
"221",2021-10-21 12:16:00,1.2836466905072,2.39553655586903,7.47536191600767
"222",2021-10-21 12:17:00,1.35019586037,2.41109821183031,7.74379767505396
"223",2021-10-21 12:18:00,1.29296220496249,2.3776318324864,7.55027204823478
"224",2021-10-21 12:19:00,1.27697313360454,2.35920508969203,7.4905671513931
"225",2021-10-21 12:20:00,1.26981323374371,2.33599283706446,7.53168923418358
"226",2021-10-21 12:21:00,1.1621482295322,2.31444248046251,7.70134454279265
"227",2021-10-21 12:22:00,1.20598182889094,2.30583151661348,7.41448931802142
"228",2021-10-21 12:23:00,1.1697198991483,2.30307066939302,7.66335568220608
"229",2021-10-21 12:24:00,1.05411052780049,2.27567073331151,7.17714640799257
"230",2021-10-21 12:25:00,1.29525282430198,2.27365539461181,7.50811042013868
"231",2021-10-21 12:26:00,1.18891113560935,2.27650459800741,7.56788553610173
"232",2021-10-21 12:27:00,1.38444185069608,2.28329261956917,7.48090878910736
"233",2021-10-21 12:28:00,1.18418311511875,2.25851289457073,7.45079113817941
"234",2021-10-21 12:29:00,1.15951351358103,2.22931022048414,7.29392650931322
"235",2021-10-21 12:30:00,1.4026737364193,2.26563859107693,7.56260608623055
"236",2021-10-21 12:31:00,1.42998684194316,2.24729446727313,7.71088957385185
"237",2021-10-21 12:32:00,1.43164761371262,2.24486569012848,7.61701077535911
"238",2021-10-21 12:33:00,1.30951415570284,2.18616113910296,7.40807652290809
"239",2021-10-21 12:34:00,1.22707393561945,2.17787592329453,7.48103411889614
"240",2021-10-21 12:35:00,1.15480656342069,2.17873768921674,7.53284880973784
"241",2021-10-21 12:36:00,1.24767711179331,2.17430781434239,7.40985150776859
"242",2021-10-21 12:37:00,1.29445321003376,2.17129390301212,7.55162456226778
"243",2021-10-21 12:38:00,1.22681964154004,2.16810709700367,7.42647089873048
"244",2021-10-21 12:39:00,1.18785048867696,2.13729610377526,7.51085489400726
"245",2021-10-21 12:40:00,1.04438113275313,2.13298962101429,7.43434576398401
"246",2021-10-21 12:41:00,1.2019792289002,2.14974085314437,7.65243408956756
"247",2021-10-21 12:42:00,1.14416032659864,2.12287906203329,7.42207162788435
"248",2021-10-21 12:43:00,1.14290194918111,2.09823836855564,7.46692549477791
"249",2021-10-21 12:44:00,1.39942086071332,2.13332129733694,7.56805925870006
"250",2021-10-21 12:45:00,1.09257439003207,2.07071655075016,7.16376661260947
"251",2021-10-21 12:46:00,1.44653540310146,2.13211591139038,7.62254595464789
"252",2021-10-21 12:47:00,1.19389260892442,2.07503995778408,7.36898736016029
"253",2021-10-21 12:48:00,1.12302807686956,2.05345926800936,7.38998258344049
"254",2021-10-21 12:49:00,1.11175911768946,2.05029363008465,7.45085454975736
"255",2021-10-21 12:50:00,1.40476875018323,2.06608046981227,7.89579712974506
"256",2021-10-21 12:51:00,1.20109084829106,2.01756156064838,7.53878763278019
"257",2021-10-21 12:52:00,1.29453624285821,2.02509222608258,7.65685089882482
"258",2021-10-21 12:53:00,1.27743545109671,1.98462525925893,7.4727334843777
"259",2021-10-21 12:54:00,1.28204759123995,2.00994269319222,7.84090039033554
"260",2021-10-21 12:55:00,1.59781486557897,2.00746161660266,7.57837666459449
"261",2021-10-21 12:56:00,1.04715949828884,1.9574518512619,7.16689076865877
"262",2021-10-21 12:57:00,1.00425607095155,1.91064358935521,7.44835463809781
"263",2021-10-21 12:58:00,1.14560297676436,1.89916100475445,7.35590781134196
"264",2021-10-21 12:59:00,1.20049491387354,1.90974918588405,7.50651932299022
"265",2021-10-21 13:00:00,1.22185883975604,1.84857618598825,7.5791573248877
"266",2021-10-21 13:01:00,1.0919177631701,1.78750678732609,7.3252291077336
"267",2021-10-21 13:02:00,1.16149838562788,1.7796564851726,7.47000309668565
"268",2021-10-21 13:03:00,1.15927045688609,1.7501318604832,7.46998052513822
"269",2021-10-21 13:04:00,1.1305183810603,1.71348839986355,7.44786339934165
"270",2021-10-21 13:05:00,1.05034728628114,1.67892878690977,7.34083159778096
"271",2021-10-21 13:06:00,1.03545672391706,1.65695029196866,7.50863854516086
"272",2021-10-21 13:07:00,1.0576726164508,1.65176508401002,7.23807969351148
"273",2021-10-21 13:08:00,1.09509489244606,1.6725800447721,7.41657006337658
"274",2021-10-21 13:09:00,1.0346356463036,1.63328392725387,7.42374763544804
"275",2021-10-21 13:10:00,1.01567995812361,1.64251324438275,7.29045486055989
"276",2021-10-21 13:11:00,1.17505767937043,1.59354432360932,7.44926604894369
"277",2021-10-21 13:12:00,1.18996369594987,1.56334080781172,7.45215986529551
"278",2021-10-21 13:13:00,1.12311944605669,1.55664947104968,7.28905313839759
"279",2021-10-21 13:27:00,1.19819829056366,1.54650692943487,7.72602967381004
"280",2021-10-21 13:28:00,1.07239104182845,1.5245792463446,7.76855079299695
"281",2021-10-21 13:29:00,0.820936556611273,1.49491634667823,7.38650235031751
"282",2021-10-21 13:30:00,1.07136918419906,1.51941569285478,7.59293399427603
"283",2021-10-21 13:31:00,0.947385318488957,1.51609459541328,7.44043633620605
"284",2021-10-21 13:32:00,0.906195337061432,1.49644120413161,7.45771835404511
"285",2021-10-21 13:33:00,1.0652215287838,1.51104854278397,7.45087907644354
"286",2021-10-21 13:34:00,0.937249393180374,1.49906973371296,7.37661629975408
"287",2021-10-21 13:35:00,1.0200985019667,1.49488505510825,7.52312985177497
"288",2021-10-21 13:36:00,1.04616837452184,1.495274789554,7.57392218391025
"289",2021-10-21 13:37:00,0.907429565877419,1.4812769720682,7.36508460995029
"290",2021-10-21 13:38:00,0.87277623713362,1.52454862781116,7.40987382980993
"291",2021-10-21 13:39:00,0.87793158066063,1.52841780706661,7.39708368228918
"292",2021-10-21 13:40:00,0.896026277118959,1.45724698825796,7.16623270488756
"293",2021-10-21 13:41:00,0.894119709254046,1.44054581127561,8.07859222885158
"294",2021-10-21 13:42:00,0.185869017485971,0.535084870204112,7.10937380217506
"295",2021-10-21 13:43:00,0.136071124122381,0.409395398153756,7.04608171159536
"296",2021-10-21 13:44:00,0.122888263285344,0.407114279502821,7.10667829843903
"297",2021-10-21 13:45:00,0.138183606142088,0.412934998022015,7.12898065066567
"298",2021-10-21 13:46:00,0.130794192728669,0.416727383956148,7.0116571084258
"299",2021-10-21 13:47:00,0.13909499587385,0.415814433374952,7.17761723674892
"300",2021-10-21 13:48:00,0.137494949438876,0.414677871479793,7.06363261298661
"301",2021-10-21 13:49:00,0.133236952517529,0.411289080434862,7.14966560985579
"302",2021-10-21 13:50:00,0.123415286634,0.411641158431312,7.02887113840692
"303",2021-10-21 13:51:00,0.132281627457724,0.409630194814075,6.96214492459592
"304",2021-10-21 13:52:00,0.130103734756281,0.414521826612098,7.10898914623367
"305",2021-10-21 14:00:00,0.138841343311893,0.424635362126545,7.20083588344371
"306",2021-10-21 14:01:00,0.132705279890728,0.421717033758972,7.16453966255356
"307",2021-10-21 14:02:00,0.134422291281274,0.426532422712415,7.32536149949952
"308",2021-10-21 14:03:00,0.13703263022568,0.423938009282719,7.2685032208127
"309",2021-10-21 14:04:00,0.139542172529106,0.422370947068222,7.39038895427871
"310",2021-10-21 14:05:00,0.13605806348053,0.424965315226392,7.23823613164998
"311",2021-10-21 14:06:00,0.138207587693,0.423686876389059,7.18674494823452
"312",2021-10-21 14:07:00,0.131308723918734,0.420650691951369,7.30805388666581
"313",2021-10-21 14:08:00,0.131832262477947,0.419052496207171,7.08779723773374
"314",2021-10-21 14:09:00,0.138537468146829,0.42316368701621,7.24408239262333
"315",2021-10-21 14:10:00,0.0909229047197162,0.386042838087131,6.1484730733429
"316",2021-10-21 14:11:00,0.101265915130858,0.393480779559182,6.38235453960375
"317",2021-10-21 14:12:00,0.100016671207238,0.387560698401393,6.30588368331546
"318",2021-10-21 14:13:00,0.0934325975040891,0.387144809731322,6.11550944285295
"319",2021-10-21 14:14:00,0.102774540531118,0.399803837035309,6.33742060416317
"320",2021-10-21 14:21:00,0.0948064103500862,0.389811011967358,6.2356877035257
"321",2021-10-21 14:22:00,0.0926586462649479,0.388356028034703,6.22781573235328
"322",2021-10-21 14:23:00,0.0975761111451996,0.392051437968587,6.37100855565426
"323",2021-10-21 14:24:00,0.082427502933018,0.386331085419075,5.94178187545259
"324",2021-10-21 14:25:00,0.0829448141889283,0.38819551032481,6.09192591771473
"325",2021-10-21 14:26:00,0.0841543647052694,0.386131147361078,6.19439201385586
"326",2021-10-21 14:27:00,0.0871070383926602,0.387649068954862,6.11402755376921
"327",2021-10-21 14:28:00,0.0823260975983977,0.386102546474016,6.12419125616966
"328",2021-10-21 14:29:00,0.0863781503371052,0.388196200636403,6.21942558561566
"329",2021-10-21 14:30:00,0.0896711288702842,0.389148278156109,6.3147803661619
"330",2021-10-21 14:31:00,0.0937237462030333,0.395307866368151,6.25072970732232
"331",2021-10-21 14:32:00,0.0835190789382931,0.401249767949601,6.10162500787693
"332",2021-10-21 14:33:00,0.0805289308408783,0.391862258177807,6.05153742433798
"333",2021-10-21 14:34:00,0.0843921295537602,0.384620301663615,6.13457200388222
"334",2021-10-21 14:35:00,0.0720653240430832,0.385790049500041,6.05036345400573
"335",2021-10-21 14:36:00,0.078709697418315,0.386480579773997,6.15222464330862
"336",2021-10-21 14:37:00,0.077754508238623,0.389983446074746,6.04251474389542
"337",2021-10-21 14:38:00,0.077086101631142,0.383145439374499,5.99056086774251
"338",2021-10-21 14:39:00,0.0766100825929043,0.385169820580618,6.07379566005145
"339",2021-10-21 14:40:00,0.0801853855333812,0.385707388408962,6.02250802070651
"340",2021-10-21 14:41:00,0.0833980590954958,0.389583663799109,6.09770080657529
"341",2021-10-21 14:42:00,0.0951997300571855,0.39292300469462,6.26884826302051
"342",2021-10-21 14:43:00,0.0740608950417567,0.385324467419622,6.07123249633235
"343",2021-10-21 14:44:00,0.0827212080664887,0.389123634654868,6.10910706318361
"344",2021-10-21 14:45:00,0.0797669567950243,0.389090680664758,6.07213600675688
"345",2021-10-21 14:46:00,0.0787526869257339,0.391284314225029,6.04402276842659
"346",2021-10-21 14:47:00,0.0928388707204289,0.40329560662105,6.2280926295391
"347",2021-10-21 14:48:00,0.118075263932365,0.38932029564933,6.31526078561551
"348",2021-10-21 14:49:00,0.0640130638864636,0.369787522802286,5.70192384029005
"349",2021-10-21 14:50:00,0.0627208001041639,0.369818887887468,5.83768800816257
"350",2021-10-21 14:51:00,0.0676914999081418,0.371252619241974,5.91914949475842
"351",2021-10-21 14:52:00,0.070624899091533,0.37337033495611,5.97849523728945
"352",2021-10-21 14:53:00,0.0711682862307081,0.374865596580904,5.8595546384473
"353",2021-10-21 14:54:00,0.0621351065864923,0.37071538916362,5.75304793150216
"354",2021-10-21 14:55:00,0.0691925862430382,0.372827046896764,5.87308761971227
"355",2021-10-21 14:56:00,0.0701837022107274,0.373384074569581,6.00512790949283
"356",2021-10-21 14:57:00,0.067759098858678,0.373053626815783,5.92659022838692
"357",2021-10-21 14:58:00,0.0696358109554476,0.371282215245742,5.9486596616186
"358",2021-10-21 14:59:00,0.0712972569330308,0.372990952910692,5.95079355943519
"359",2021-10-21 15:00:00,0.0759186962205573,0.379957169906732,6.072656620265
"360",2021-10-21 15:01:00,0.0689221229317638,0.377626716830665,6.04826440891297
"361",2021-10-21 15:02:00,0.0727307290606646,0.384242959189203,6.0485221634072
"362",2021-10-21 15:16:00,0.0504632616666537,0.363018688635586,5.66730305503419
"363",2021-10-21 15:17:00,0.0537199048649343,0.363372500692323,5.685972774368
"364",2021-10-21 15:18:00,0.053370025556807,0.36404281938616,5.71817103765118
"365",2021-10-21 15:19:00,0.0532572282251972,0.367576341446378,5.85018239433041
"366",2021-10-21 15:20:00,0.0502343569027586,0.362263013041495,5.68990317343443
"367",2021-10-21 15:22:00,0.0558432734322206,0.367264882532916,5.70790941145353
"368",2021-10-21 15:23:00,0.0486521544269801,0.356755101718473,5.67254276178427
"369",2021-10-21 15:24:00,0.0546671630755678,0.35762178225933,5.54085476965883
"370",2021-10-21 15:25:00,0.0505289740101523,0.364684000609753,5.72148129407469
"371",2021-10-21 15:26:00,0.0474254162265683,0.362662264296085,5.63912044383074
"372",2021-10-21 15:27:00,0.0534937641626435,0.370916048482785,5.76310300298606
"373",2021-10-21 15:28:00,0.0529786056445622,0.374007668874327,5.74105070519574
"374",2021-10-21 15:29:00,0.0479359975286612,0.363763638971625,5.61975982658417
"375",2021-10-21 15:30:00,0.0506478276770686,0.363364536183965,5.57442203894234
"376",2021-10-21 15:31:00,0.0521518928744133,0.361281546369723,5.59034090535984
"377",2021-10-21 15:39:00,0.0471471761411296,0.35756797437061,5.41076674631871
"378",2021-10-21 15:40:00,0.0518178124438691,0.363088291701243,5.58950926066661
"379",2021-10-21 15:41:00,0.0483986715499025,0.358471056764753,5.5276202556886
"380",2021-10-21 15:44:00,0.0732851384549495,0.3481940390582,5.54403922599384
"381",2021-10-21 15:45:00,0.0630231170430809,0.346190417050795,5.36848661074723
"382",2021-10-21 15:46:00,0.065528196530012,0.346519776935681,5.4777529285202
"383",2021-10-21 15:47:00,0.0671862852179205,0.347151176216258,5.46357646756811
"384",2021-10-21 15:48:00,0.0732808567592336,0.349060746448708,5.51611585037581
"385",2021-10-21 15:49:00,0.0662943517766461,0.345406672753491,5.50083678002366
"386",2021-10-21 15:50:00,0.0713528586900357,0.348050660085583,5.59022853701122
"387",2021-10-21 15:51:00,0.0682107882386901,0.345911590266271,5.38817817928629
"388",2021-10-21 15:52:00,0.0655521879210848,0.345378619866841,5.460661140282
"389",2021-10-21 15:53:00,0.0946823760837996,0.359821429135139,5.77415593348656
"390",2021-10-21 15:54:00,0.0810441021164419,0.358091385509002,5.67248844350647
"391",2021-10-21 15:55:00,0.076137788145607,0.351816365437173,5.61287606192248
"392",2021-10-21 15:56:00,0.0718643252791492,0.348989422918393,5.62808964034237
"393",2021-10-21 15:57:00,0.0731305335069868,0.34955481263007,5.56187454249877
"394",2021-10-21 15:58:00,0.0709205429615694,0.347995558344531,5.48763650480836
"395",2021-10-21 15:59:00,0.0712624952059156,0.348677665553705,5.52815741889852
"396",2021-10-21 16:00:00,0.074973620874798,0.348302241105294,5.5497988293275
"397",2021-10-21 16:01:00,0.0677341160442987,0.344229269551568,5.47489644782653
"398",2021-10-21 16:02:00,0.0639779156774653,0.34460581695177,5.42531685414839
"399",2021-10-21 16:03:00,0.0730146283839644,0.346573082423473,5.59169108453166
"400",2021-10-21 16:04:00,0.0681821636413383,0.346671546337611,5.53312004772623
"401",2021-10-21 16:05:00,0.0656581526177655,0.343295558804344,5.59268962882153
"402",2021-10-21 16:06:00,0.0706923794736834,0.347799388304975,5.53734302064144
"403",2021-10-21 16:07:00,0.0657254121528478,0.348242986784705,5.55033568349639
"404",2021-10-21 16:08:00,0.0663686328114723,0.351956224469765,5.52746976938308
"405",2021-10-21 16:09:00,0.0688574608438753,0.351542789154593,5.53111565350788
"406",2021-10-21 16:10:00,0.0651843098585113,0.349327002538797,5.44197682287423
"407",2021-10-21 16:14:00,0.0680323867172682,0.352104647800917,5.58476471418707
"408",2021-10-21 16:15:00,0.0637896062211026,0.349901868931544,5.56522173448682
"409",2021-10-21 16:16:00,0.0673857330512863,0.352222446108167,5.63589563647112
"410",2021-10-21 16:17:00,0.069937160265232,0.352342946263561,5.59302045992229
"411",2021-10-21 16:18:00,0.0701438234242247,0.352975711594924,5.64657601277084
"412",2021-10-21 16:19:00,0.0786119182591075,0.356890877124454,5.7335854363077
"413",2021-10-21 16:20:00,0.0694255615247518,0.350656952876416,5.50381285908651
"414",2021-10-21 16:21:00,0.0722341505535377,0.354467253767635,5.59726912155154
"415",2021-10-21 16:22:00,0.073381493340556,0.354262222733605,5.52928784992801
"416",2021-10-21 16:27:00,0.0782826450779717,0.354445848262251,5.62237086886209
"417",2021-10-21 16:29:00,0.0699532848873102,0.345640374343555,5.62725182156668
"418",2021-10-21 16:30:00,0.0713048051448806,0.35493816961464,5.54115260800252
"419",2021-10-21 16:31:00,0.0680722535354035,0.345870861090414,5.47027649761953
"420",2021-10-21 16:32:00,0.072299487329077,0.349384028485491,5.64442511120283
"421",2021-10-21 16:33:00,0.0666847425965006,0.351261260069461,5.62178932734807
"422",2021-10-21 16:34:00,0.0645345088738356,0.346376238651955,5.51566117306838
"423",2021-10-21 16:35:00,0.0701205194527286,0.347612847852375,5.54525112094609
"424",2021-10-21 16:36:00,0.0665952360598787,0.346847951554808,5.55622941967398
"425",2021-10-21 16:37:00,0.0660439586079597,0.343558962442864,5.38267530491424
"426",2021-10-21 16:38:00,0.0695874888417217,0.34497966998486,5.57121205733916
"427",2021-10-21 16:39:00,0.0615728243135264,0.346817070318866,5.3517477773943
"428",2021-10-21 16:40:00,0.073951181942438,0.350407489511034,5.47539128833275
"429",2021-10-21 16:41:00,0.0708092076607242,0.34524379784956,5.43828101078024
"430",2021-10-21 16:43:00,0.0717995082959417,0.347128872105845,5.5042189256414
"431",2021-10-21 16:45:00,0.0674451182477432,0.342756861745384,5.52522244893237
"432",2021-10-21 16:46:00,0.0660255907165659,0.344718872730423,5.35595220059193
"433",2021-10-21 16:47:00,0.0611152742495726,0.343011449834426,5.36580342858889
"434",2021-10-21 16:48:00,0.0759258230409258,0.344944562680715,5.62204762187445
"435",2021-10-21 16:49:00,0.0624856791874644,0.341160341461075,5.58158452405539
"436",2021-10-21 16:50:00,0.0563652056216666,0.341903223059931,5.3535236125291
"437",2021-10-21 16:51:00,0.0715463508824649,0.344411728338227,5.46549361970314
"438",2021-10-21 16:52:00,0.068692311454087,0.341043985320631,5.38599438834923
"439",2021-10-21 16:54:00,0.0665998479466041,0.344923983481437,5.44022474752435
"440",2021-10-21 16:55:00,0.0623094363326615,0.340367456239051,5.3455833858446
"441",2021-10-21 16:56:00,0.066858209980506,0.342940954172204,5.41905749979417
"442",2021-10-21 16:57:00,0.0718101496415636,0.342245958005946,5.53214300145364
"443",2021-10-21 16:58:00,0.0639857582120254,0.33999111609964,5.45855057806019
"444",2021-10-21 17:05:00,0.0577552488385075,0.358352880513918,6.05425720138591
"445",2021-10-21 17:06:00,0.049017814904705,0.354266742335205,5.99530616616629
"446",2021-10-21 17:07:00,0.06229343207034,0.372087872949914,6.15002668139207
"447",2021-10-21 17:08:00,0.0454715391585141,0.353915483679621,5.92034868597273
"448",2021-10-21 17:09:00,0.0422667930816184,0.357537918342255,5.9966113086711
"449",2021-10-21 17:10:00,0.0434562724761386,0.357105210049664,5.92072988024013
"450",2021-10-21 17:11:00,0.046129672817119,0.358831969996765,5.91178523103892
"451",2021-10-21 17:12:00,0.0403445207584324,0.357959586733395,5.73666614375825
"452",2021-10-21 17:13:00,0.0480387842388429,0.361461579691507,6.0563039081102
"453",2021-10-21 17:14:00,0.0410392709168512,0.35577897712607,5.80866955037707
"454",2021-10-21 17:15:00,0.0423383320099574,0.35518687553282,5.87403020840508
"455",2021-10-21 17:23:00,0.042201181469763,0.36029763683162,5.843887634133
"456",2021-10-21 17:24:00,0.0430164702033027,0.355785986402907,6.01574928626352
"457",2021-10-21 17:25:00,0.0415151797061043,0.356569828676551,5.89408194136962
"458",2021-10-21 17:26:00,0.0529591240857447,0.362720251410616,6.12780804465088
"459",2021-10-21 17:27:00,0.0401165980504115,0.35592610707564,5.90116606157249
"460",2021-10-21 17:28:00,0.0475627473911982,0.3445875975996,5.7765632752278
"461",2021-10-21 17:30:00,0.0550835228907239,0.338002525898652,5.66970534020445
"462",2021-10-21 17:31:00,0.0567386347124947,0.337120758718702,5.76007981133706
"463",2021-10-21 17:32:00,0.0657762876883433,0.332660218274044,5.78790683301065
"464",2021-10-21 17:33:00,0.0738087036658136,0.32877850094855,5.86223511486666
"465",2021-10-21 17:34:00,0.0755808107915052,0.319183920200658,5.5653098782867
"466",2021-10-21 17:35:00,0.0742394100842934,0.321645389751198,5.4965425273385
"467",2021-10-21 17:36:00,0.0653092184712654,0.322384644710164,5.59984454865085
"468",2021-10-21 17:37:00,0.0689660316041318,0.321015973635241,5.53500761541359
"469",2021-10-21 17:38:00,0.0758741583915394,0.336059713491112,5.66710698333934
"470",2021-10-21 17:39:00,0.0708660518387241,0.319870501665454,5.48855884622451
"471",2021-10-21 17:40:00,0.0881519750418566,0.334474009550797,5.63211851786977
"472",2021-10-21 17:41:00,0.0670943236354132,0.327534372956989,5.46684813205459
"473",2021-10-21 17:42:00,0.068278118324027,0.324294704236468,5.48872301722443
"474",2021-10-21 17:43:00,0.065853222626001,0.320556313399324,5.38956178637443
"475",2021-10-21 17:44:00,0.0674436420552667,0.320801283512936,5.46383949854521
"476",2021-10-21 17:45:00,0.0667302503803132,0.32108924135443,5.5061661104651
"477",2021-10-21 17:46:00,0.0718662046641807,0.326252047728454,5.46752472289828
"478",2021-10-21 17:48:00,0.0692645778909416,0.324208824772624,5.50236374692258
"479",2021-10-21 17:49:00,0.0680116804872275,0.321779413374297,5.51482658830218
"480",2021-10-22 09:11:00,0.0692493206578567,0.316152479856435,5.23707479736573
"481",2021-10-22 09:12:00,0.0672993935054337,0.315124881615086,5.21664896557076
"482",2021-10-22 09:13:00,0.0664786976612361,0.316032963972021,5.12384671160689
"483",2021-10-22 09:14:00,0.0677123068110571,0.318987163760938,5.19582017660052
"484",2021-10-22 09:15:00,0.0695070189757425,0.31611664973453,5.20821704724853
"485",2021-10-22 09:16:00,0.0640896504345115,0.313950597718743,5.1327397571834
"486",2021-10-22 09:17:00,0.0716928119583588,0.315459590789325,5.18503707805644
"487",2021-10-22 09:18:00,0.0676535756082138,0.31328868044932,5.15470612418137
"488",2021-10-22 09:19:00,0.0751297237876971,0.31701128424856,5.2483988388737
"489",2021-10-22 09:20:00,0.073034382431106,0.314173284048152,5.22159664767274
"490",2021-10-22 09:21:00,0.0692805217941359,0.313296653556906,5.08515070772821
"491",2021-10-22 09:22:00,0.0765084422293664,0.311842488350392,5.13471859065223
"492",2021-10-22 09:23:00,0.0797040185491588,0.313898764990757,5.23522387365578
"493",2021-10-22 09:24:00,0.102169574775288,0.327397404573155,5.37363297975952
"494",2021-10-22 09:25:00,0.0746870824294925,0.312779683894884,5.06117514445544
"495",2021-10-22 09:26:00,0.0738709814161184,0.312963139508497,5.13413019003276
"496",2021-10-22 09:27:00,0.0725548044993461,0.315951258679372,5.11095863465911
"497",2021-10-22 09:28:00,0.0740053843000872,0.313736365224992,5.20422991913105
"498",2021-10-22 09:29:00,0.07071696193657,0.310144867886295,5.03529543443555
"499",2021-10-22 09:30:00,0.081086452035902,0.31188613747293,5.19975774883531
"500",2021-10-22 09:31:00,0.0692682665658452,0.307165019255816,5.00216511931296
"501",2021-10-22 09:32:00,0.0757554079803088,0.310707519569345,5.02842115718599
"502",2021-10-22 09:33:00,0.0805422074132334,0.31230198083809,5.09595549636628
"503",2021-10-22 09:34:00,0.0743051389201895,0.314744166713474,5.07308736248883
"504",2021-10-22 09:35:00,0.0729741753292816,0.307556592313396,5.02883910657736
"505",2021-10-22 09:36:00,0.082746604184507,0.310423655149681,5.14845002893767
"506",2021-10-22 09:37:00,0.0728893347509627,0.307093978933272,5.00100956942686
"507",2021-10-22 09:38:00,0.0763380218999418,0.307783424408236,5.07222576352717
"508",2021-10-22 09:39:00,0.0787848631710944,0.309949299800767,5.1251837619805
"509",2021-10-22 09:40:00,0.0787559750134666,0.311038503781455,5.14662985735896
"510",2021-10-22 09:41:00,0.0840585257260172,0.308754421742819,5.15745862718907
"511",2021-10-22 09:42:00,0.0782623699806607,0.310954826946066,5.16948022207515
"512",2021-10-22 09:43:00,0.0832490967864919,0.311311389048945,5.11010565835764
"513",2021-10-22 09:44:00,0.0758405620090114,0.307685468709299,5.06676420743841
"514",2021-10-22 09:45:00,0.0895059986241748,0.312582308059162,5.23047452460724
"515",2021-10-22 09:46:00,0.0815218161943524,0.309330692766266,5.15766571314477
"516",2021-10-22 09:47:00,0.0791290133108054,0.31227476548684,5.07973905489728
"517",2021-10-22 09:48:00,0.113762671521229,0.325476423835691,5.32231758606084
"518",2021-10-22 09:49:00,0.0749794597331563,0.310070248984338,5.00282075956367
"519",2021-10-22 09:50:00,0.0781841212717881,0.311325034667539,5.09191735678212
"520",2021-10-22 09:51:00,0.0749682714278869,0.31000584220123,5.08629398049116
"521",2021-10-22 09:52:00,0.0830569049978278,0.313865400120374,5.14996516471331
"522",2021-10-22 09:53:00,0.0752225302578159,0.309286048245782,5.17215450061402
"523",2021-10-22 09:54:00,0.0852109722545525,0.311705812905509,5.1308819294548
"524",2021-10-22 09:55:00,0.0825456302899304,0.310349782939843,5.15507697240872
"525",2021-10-22 09:57:00,0.0847876471639893,0.316356770819963,5.23943354587537
"526",2021-10-22 09:58:00,0.0752623322292023,0.311160218389885,5.04553927153999
"527",2021-10-22 09:59:00,0.0830749752676204,0.316035450458835,5.16738819698225
"528",2021-10-22 10:00:00,0.0954538115639654,0.317482547426617,5.17318196905439
"529",2021-10-22 10:01:00,0.0831008301630243,0.313136517497804,5.12817766684053
"530",2021-10-22 10:02:00,0.0915071468692047,0.3154450934877,5.28345344524342
"531",2021-10-22 10:03:00,0.0855241508344987,0.314754129995162,5.20314271404243
"532",2021-10-22 10:04:00,0.0880962657291186,0.31488638988378,5.2389779921621
"533",2021-10-22 10:05:00,0.0895180425870766,0.314274325519035,5.26197137476997
"534",2021-10-22 10:06:00,0.0835058321186841,0.313783646171872,5.12531943386676
"535",2021-10-22 10:07:00,0.0799664786458698,0.312306842466691,5.15861906668374
"536",2021-10-22 10:08:00,0.0850211567070718,0.313405401020908,5.23593009532401
"537",2021-10-22 10:09:00,0.0828658397606457,0.315059667082551,5.17202456064919
"538",2021-10-22 10:10:00,0.0879559930291261,0.317366292331612,5.31879766615413
"539",2021-10-22 10:11:00,0.0926215876179247,0.327263090160046,5.28926166072036
"540",2021-10-22 10:12:00,0.0883029253072792,0.313334788314706,5.2346809117516
"541",2021-10-22 10:13:00,0.0941520255726118,0.312226084761829,5.21360336122894
"542",2021-10-22 10:14:00,0.0853982204503652,0.31269792537224,5.17783919647156
"543",2021-10-22 10:15:00,0.0812469681284803,0.306450091787885,5.1225397976083
"544",2021-10-22 10:16:00,0.0841648514290977,0.307499432932692,5.14674174410033
"545",2021-10-22 10:17:00,0.0866728961985917,0.309631023134976,5.06008167859711
"546",2021-10-22 10:18:00,0.0858444389315459,0.309262774486081,5.12450886414636
"547",2021-10-22 10:19:00,0.092384968786648,0.309984136351363,5.17955314894651
"548",2021-10-22 10:20:00,0.0856090189565257,0.308811737738942,5.07992628633973
"549",2021-10-22 10:21:00,0.0834064433193803,0.309794969225594,5.15237336842731
"550",2021-10-22 10:22:00,0.0891179262768269,0.308399574951231,5.19447979037424
"551",2021-10-22 10:23:00,0.0963105993663416,0.3118010173555,5.21371219943305
"552",2021-10-22 10:24:00,0.0910406958980086,0.309995154658359,5.17355902936431
"553",2021-10-22 10:25:00,0.0930571602745057,0.308446781044672,5.23132965469316
"554",2021-10-22 10:26:00,0.0916773461250606,0.311406243467463,5.17841361985411
"555",2021-10-22 10:28:00,0.089782870603367,0.309742987482582,5.13710205417869
"556",2021-10-22 10:29:00,0.0928494005525602,0.309471466189839,5.18263927648598
"557",2021-10-22 10:30:00,0.0840633947651646,0.307425921903012,5.1574186414421
"558",2021-10-22 10:31:00,0.0909489708524217,0.310895857228906,5.1612424857122
"559",2021-10-22 10:32:00,0.0939191280992515,0.309164593659762,5.13190952326899
"560",2021-10-22 10:33:00,0.0872454146781203,0.306911883736815,5.03157567315177
"561",2021-10-22 10:34:00,0.0884357587006621,0.309577794864395,5.11459139373853
"562",2021-10-22 10:35:00,0.0919763632447325,0.311866950111864,5.22121075915941
"563",2021-10-22 10:36:00,0.0881136982973716,0.313161508700831,5.12668836215424
"564",2021-10-22 10:37:00,0.0971252473948377,0.313833422182939,5.34246380600795
"565",2021-10-22 10:38:00,0.0925097815223426,0.311099739128221,5.21248518347659
"566",2021-10-22 10:39:00,0.0864701393269991,0.311977190921432,5.15558867112449
"567",2021-10-22 10:40:00,0.0922457711327976,0.315003212294402,5.23975199903722
"568",2021-10-22 10:41:00,0.0889415050080444,0.313736060653746,5.23264816077128
"569",2021-10-22 10:42:00,0.096624409585882,0.31496894739872,5.20867872371731
"570",2021-10-22 10:43:00,0.116372506275301,0.325951038709552,5.40491691361535
"571",2021-10-22 10:44:00,0.0972920649865609,0.318429925346755,5.19608806704947
"572",2021-10-22 10:45:00,0.0828579846794724,0.325416773168881,5.09476948649618
"573",2021-10-22 10:46:00,0.0939409005819894,0.313412025238096,5.30762827736727
"574",2021-10-22 10:47:00,0.0818956987501008,0.307986611005115,5.20939990379668
"575",2021-10-22 10:48:00,0.0828623846615223,0.307115842741643,5.17678486451225
"576",2021-10-22 10:49:00,0.0961400311553657,0.311304634045625,5.42283157140244
"577",2021-10-22 10:50:00,0.0899635421946861,0.31003724644578,5.25083030177302
"578",2021-10-22 10:51:00,0.0906990344452776,0.314823561683658,5.17941097172947
"579",2021-10-22 10:52:00,0.0864738417316944,0.310749536664281,5.19336607053769
"580",2021-10-22 10:53:00,0.0826641153734302,0.310563233071026,5.15757469832775
"581",2021-10-22 10:54:00,0.0866774540262296,0.310419919156424,5.18261913920075
"582",2021-10-22 10:55:00,0.0918663595379497,0.312503215026676,5.21121692016336
"583",2021-10-22 10:56:00,0.0924429535827955,0.31540964866213,5.19287564059265
"584",2021-10-22 10:57:00,0.0886701612314622,0.314384874283822,5.15414884677219
"585",2021-10-22 10:58:00,0.0914599700550769,0.31805062249808,5.17483683514325
"586",2021-10-22 10:59:00,0.0853158296665616,0.313876825591946,5.10587443458447
"587",2021-10-22 11:00:00,0.0910365065457907,0.314635589530828,5.14728322455279
"588",2021-10-22 11:01:00,0.0897212672110335,0.318333433819104,5.15672520296705
"589",2021-10-22 11:02:00,0.085638608775184,0.315077362630875,5.12298394945961
"590",2021-10-22 11:03:00,0.093020794785289,0.317870724731494,5.1962158407007
"591",2021-10-22 11:04:00,0.0923052747275297,0.317980061332304,5.24451226029104
"592",2021-10-22 11:05:00,0.0926483970971251,0.316732374471119,5.18553658246987
"593",2021-10-22 11:06:00,0.0956100837622283,0.316455827826993,5.18389184783205
"594",2021-10-22 11:07:00,0.0877980518912206,0.314796951472922,5.12041035464551
"595",2021-10-22 11:08:00,0.0949141289658014,0.316377275110982,5.20162435007853
"596",2021-10-22 11:09:00,0.0999279876411927,0.316574274049533,5.22100249220097
"597",2021-10-22 11:10:00,0.0943464922382494,0.316365591577941,5.21563277726676
"598",2021-10-22 11:11:00,0.100669471848984,0.317322733689576,5.22317522184876
"599",2021-10-22 11:12:00,0.0903925689596193,0.314405138656448,5.16497695648502
"600",2021-10-22 11:13:00,0.0950402136786555,0.315795198809464,5.2059351885182
"601",2021-10-22 11:14:00,0.0875127313799709,0.313267482942511,5.18569605285003
"602",2021-10-22 11:15:00,0.0876960092951276,0.314853630468589,5.15607259712577
"603",2021-10-22 11:16:00,0.0905259193191061,0.315378672542011,5.12596943659566
"604",2021-10-22 11:17:00,0.0899649582432403,0.315440103571728,5.1536651855433
"605",2021-10-22 11:18:00,0.0924117909172699,0.31446053480914,5.14150044820788
"606",2021-10-22 11:19:00,0.093787487988361,0.316749876280635,5.23076445683362
"607",2021-10-22 11:20:00,0.0937436449535884,0.315075730467643,5.20800509778438
"608",2021-10-22 11:21:00,0.0901947517381954,0.321246926476856,5.15917779575124
"609",2021-10-22 11:22:00,0.0963656688362727,0.314986559664135,5.21169940086207
"610",2021-10-22 11:23:00,0.0978006683216962,0.315905385063289,5.21240248407538
"611",2021-10-22 11:24:00,0.0863984615481589,0.3153255997344,5.14592747955338
"612",2021-10-22 11:26:00,0.0969762178001338,0.319616070847345,5.22450844913867
"613",2021-10-22 11:27:00,0.0939927737485049,0.315930385847222,5.12183260647656
"614",2021-10-22 11:29:00,0.0961765719521795,0.318898346197419,5.16981431417202
"615",2021-10-22 11:30:00,0.092662705708205,0.315169300340414,5.18906293673269
"616",2021-10-22 11:31:00,0.0854806976431868,0.320760449174015,5.15388648599414
"617",2021-10-22 11:32:00,0.0945615577723945,0.321854231929757,5.20729793778286
"618",2021-10-22 11:33:00,0.0969264498720321,0.317390908127432,5.29136835835481
"619",2021-10-22 11:34:00,0.0961430527636077,0.317036816338512,5.22200475551712
"620",2021-10-22 11:35:00,0.0987157413626466,0.321146500899738,5.277554153443
"621",2021-10-22 11:36:00,0.0982626693777271,0.317901084469458,5.17582778773746
"622",2021-10-22 11:37:00,0.0862222456747683,0.314188172313951,5.07524565446628
"623",2021-10-22 11:38:00,0.102623816242073,0.319173285332323,5.14473106706749
"624",2021-10-22 11:39:00,0.0944756389276888,0.316563508658134,5.14141419867845
"625",2021-10-22 11:40:00,0.0952538294586991,0.318990069433361,5.15605423430694
"626",2021-10-22 11:41:00,0.0942098047090622,0.319543728758917,5.21932647570491
"627",2021-10-22 11:42:00,0.0893645669661752,0.317155049863922,5.10434228249039
"628",2021-10-22 11:43:00,0.0931350323334894,0.320581459930109,5.27158465770812
"629",2021-10-22 11:44:00,0.0838516177937055,0.314920408906316,5.04926525315378
"630",2021-10-22 11:45:00,0.0950198333631162,0.322427280068529,5.19337309053532
"631",2021-10-22 11:46:00,0.0879155276910689,0.310602987893511,5.02117239874945
"632",2021-10-22 11:47:00,0.0923515169667908,0.311203672998092,5.14198585547287
"633",2021-10-22 11:48:00,0.0882626740470541,0.313724744291833,5.09710797191388
"634",2021-10-22 11:49:00,0.0922089448066403,0.312583533475019,5.14904658929272
"635",2021-10-22 11:50:00,0.0904751743346542,0.30974048912787,5.14153592871334
"636",2021-10-22 11:51:00,0.085555856451054,0.307992856646293,4.98858660924475
"637",2021-10-22 11:52:00,0.092120766535151,0.312763616111597,5.15562919989753
"638",2021-10-22 11:53:00,0.0864659551550691,0.315303788871297,5.15357950131668
"639",2021-10-22 11:54:00,0.0896202160598073,0.311492247546613,5.18389786660728
"640",2021-10-22 11:55:00,0.0853688663029966,0.317486020977777,5.07288927757709
"641",2021-10-22 11:56:00,0.0786502738723777,0.320946905254993,5.03247062358542
"642",2021-10-22 11:57:00,0.0850107671617336,0.315970025320487,5.12650052992044
"643",2021-10-22 11:58:00,0.0950393128816231,0.317245022983906,5.22706986501604
"644",2021-10-22 11:59:00,0.0944538079014745,0.317186179825643,5.25810876840435
"645",2021-10-22 12:00:00,0.0995922441924588,0.319447821124164,5.26545921978482
"646",2021-10-22 12:01:00,0.093958875191546,0.316352238072946,5.23603380453308
"647",2021-10-22 12:02:00,0.0962125538919863,0.318011956658119,5.15782328720238
"648",2021-10-22 12:14:00,0.0968622966756839,0.321357154223081,5.18301326309619
"649",2021-10-22 12:15:00,0.0736666305251046,0.33110912398666,4.97835226593303
"650",2021-10-22 12:16:00,0.0863649859398894,0.317709029475826,5.20456981662336
"651",2021-10-22 12:17:00,0.0910754189366777,0.321158983505997,5.1914053274793
"652",2021-10-22 12:18:00,0.0755820074411479,0.316060303233509,5.06240845770694
"653",2021-10-22 12:19:00,0.0873169972361393,0.328826262707204,5.23330037346325
"654",2021-10-22 12:20:00,0.0833881974650627,0.322865530962893,5.12134172581342
"655",2021-10-22 12:21:00,0.0850351665515318,0.323282363855596,5.25366760533489
"656",2021-10-22 12:22:00,0.0823770084662792,0.321504616598025,5.02721335585366
"657",2021-10-22 12:23:00,0.0844367985485131,0.322508503906479,5.2076406533726
"658",2021-10-22 12:24:00,0.0817047754133542,0.322805731517302,5.24970685779822
"659",2021-10-22 12:25:00,0.0869737647868091,0.326123245721663,5.14130657777313
"660",2021-10-22 12:30:00,0.0872892682550695,0.320316547815585,5.06922690627862
"661",2021-10-22 12:31:00,0.0808077328928701,0.316460780662368,5.16657912146885
"662",2021-10-22 12:32:00,0.0824753785403359,0.319238008122582,5.07221173766044
"663",2021-10-22 12:33:00,0.0862968501244826,0.322688566784157,5.18209051961058
"664",2021-10-22 12:34:00,0.0814279553527597,0.325461365884433,5.10622924474225
"665",2021-10-22 12:35:00,0.0855487679832269,0.322214400138731,5.15694580883651
"666",2021-10-22 12:36:00,0.0832508029626798,0.317861323807408,5.11751921476895
"667",2021-10-22 12:37:00,0.0814501012797335,0.317178913032369,5.13578154576567
"668",2021-10-22 12:38:00,0.0721729334883395,0.3144219022156,4.98921220835475
"669",2021-10-22 12:39:00,0.0871868758159084,0.320131972729899,5.23844275519158
"670",2021-10-22 12:40:00,0.0779733613647526,0.317636837544155,5.04861090154406
"671",2021-10-22 12:41:00,0.0910207226874676,0.321664043198959,5.2215740207093
"672",2021-10-22 12:42:00,0.0850847074951845,0.319768314055896,5.17855713195861
"673",2021-10-22 12:43:00,0.0786107265098814,0.320853605992893,5.13600403579001
"674",2021-10-22 12:44:00,0.075847242493849,0.316487603845276,4.92713547889489
"675",2021-10-22 12:45:00,0.0805665707761786,0.315316554617736,5.0590612752641
"676",2021-10-22 12:46:00,0.0829486117085207,0.329011216542698,5.11616737137331
"677",2021-10-22 12:47:00,0.0946335526177391,0.320455433924521,5.09892083199643
"678",2021-10-22 12:48:00,0.0766244467625767,0.317221776961525,4.81952315309629
"679",2021-10-22 12:50:00,0.0925783253539338,0.312827250843192,5.04749153219461
"680",2021-10-22 12:51:00,0.0948895850337206,0.312378499692812,5.1011421789869
"681",2021-10-22 12:52:00,0.0854210597875659,0.312575199142001,4.89363943823959
"682",2021-10-22 12:53:00,0.0993292082200041,0.314393278104682,5.16047498608114
"683",2021-10-22 12:54:00,0.0872127491046283,0.312471147554085,5.0028276126033
"684",2021-10-22 12:55:00,0.0931538305593893,0.313772991476542,4.98437444543017
"685",2021-10-22 12:56:00,0.0885451976900257,0.310657017650404,5.03332676314862
"686",2021-10-22 12:57:00,0.0944390456098771,0.313538263400539,5.01449738882277
"687",2021-10-22 12:58:00,0.0886380348717217,0.312294967710025,4.98073472030023
"688",2021-10-22 13:00:00,0.0936312925707493,0.315628338615106,5.21102883312842
"689",2021-10-22 13:02:00,0.0835830071321385,0.31427859554877,5.05663999880198
"690",2021-10-22 13:03:00,0.0867431263444738,0.31315124162837,5.11947844188277
"691",2021-10-22 13:04:00,0.0812848779604984,0.310888694008775,5.04414660930389
"692",2021-10-22 13:05:00,0.0937010076920162,0.313479523961485,5.10393957231482
"693",2021-10-22 13:06:00,0.0863080842487799,0.311171736430316,5.00510835446946
"694",2021-10-22 13:08:00,0.0959864194366259,0.312274087006609,5.0069773734355
"695",2021-10-22 13:09:00,0.0854987911621782,0.31076166031586,4.92492152899216
"696",2021-10-22 13:10:00,0.0935620384240857,0.314398824249245,5.0640504455227
"697",2021-10-22 13:11:00,0.0830360087096775,0.310649375301947,4.88088003730618
"698",2021-10-22 13:12:00,0.0918095129014217,0.311853654130928,4.97910007903638
"699",2021-10-22 13:13:00,0.0898970586031465,0.311579224812544,4.97071946366991
"700",2021-10-22 13:14:00,0.0979677546789709,0.313608844513299,5.07130836757282
"701",2021-10-22 13:15:00,0.0861355305801949,0.31205919151928,4.9452421570473
"702",2021-10-22 13:16:00,0.0796241226159756,0.309119930812935,4.85344256748084
"703",2021-10-22 13:17:00,0.0917468985775592,0.313011266253738,4.9581961757577
"704",2021-10-22 13:18:00,0.0804965332755614,0.310414322997753,4.89605815672157
"705",2021-10-22 13:19:00,0.0937023968054336,0.314690658676954,4.93324355390745
"706",2021-10-22 13:20:00,0.0910185163241068,0.311247149971983,4.96385995670773
"707",2021-10-22 13:21:00,0.0942125084553786,0.312508200030103,4.88108434286657
"708",2021-10-22 13:22:00,0.0950731082967779,0.310371393345049,4.97674076097467
"709",2021-10-22 13:23:00,0.0854969375668972,0.306326875749616,4.85969894306121
"710",2021-10-22 13:24:00,0.0883456416351411,0.307103391817641,4.94892032171996
"711",2021-10-22 13:25:00,0.0979745255139916,0.312484248470822,5.01295282598817
"712",2021-10-22 13:26:00,0.0894723386482684,0.305045458726082,4.89368177631478
"713",2021-10-22 13:27:00,0.0901471670447419,0.306928879766469,4.89659153656429
"714",2021-10-22 13:28:00,0.0851969228064414,0.306229539340896,4.9148734674142
"715",2021-10-22 13:29:00,0.0974967405308859,0.310313860542292,4.94494085496024
"716",2021-10-22 13:30:00,0.0841997485547,0.304582103000181,4.88439930580848
"717",2021-10-22 13:33:00,0.0847479746157088,0.30831829322784,4.80168928029134
"718",2021-10-22 13:34:00,0.0852740443647948,0.304872303485697,4.89335631014674
"719",2021-10-22 13:35:00,0.09202349881362,0.307381417810742,4.94114607659203
"720",2021-10-22 13:36:00,0.088940241996751,0.306100331564697,4.83802401132493
"721",2021-10-22 13:37:00,0.0897707142222839,0.309285853591509,4.85313285820728
"722",2021-10-22 13:40:00,0.0838895603242958,0.303851430905615,4.80583918029378
"723",2021-10-22 13:41:00,0.0912286709278363,0.304996591290447,4.85448302501869
"724",2021-10-22 13:42:00,0.0851489983313892,0.307020214676463,4.80397008788266
"725",2021-10-22 13:44:00,0.0888183760525727,0.306219671738591,4.81999213760744
"726",2021-10-22 13:45:00,0.087185029268272,0.304362608603326,4.81449684858248
"727",2021-10-22 13:46:00,0.0880421228785418,0.313434717429935,4.85941403000965
"728",2021-10-22 13:47:00,0.080623557396228,0.302969415899821,4.71116563511061
"729",2021-10-22 13:48:00,0.0863858498367961,0.303922226281379,4.76803673271246
"730",2021-10-22 13:49:00,0.0812810853319017,0.305349832872394,4.70085210391843
"731",2021-10-22 13:50:00,0.0870277786905805,0.308271060364675,4.75552216903646
"732",2021-10-22 13:51:00,0.0925114685409251,0.311515047538952,4.80841433554856
"733",2021-10-22 13:52:00,0.0871608288871879,0.305817728890879,4.80709259743646
"734",2021-10-22 13:54:00,0.0962525699730479,0.316047591276877,4.86030202356693
"735",2021-10-22 13:55:00,0.0898568079855214,0.3103124980602,4.70332816236684
"736",2021-10-22 13:56:00,0.0845294117847946,0.308364836501343,4.68796560172133
"737",2021-10-22 13:57:00,0.0882800920156073,0.309693838985111,4.74177036294192
"738",2021-10-22 13:58:00,0.0852976257032254,0.309168658683742,4.70470733801987
"739",2021-10-22 14:00:00,0.0963705139782095,0.313726252142116,4.80617684949727
"740",2021-10-22 14:01:00,0.0917227989703183,0.310785704578126,4.76298080760944
"741",2021-10-22 14:02:00,0.118459770045471,0.325270767185407,4.9982557367021
"742",2021-10-22 14:03:00,0.0870467870861341,0.308425389659333,4.71094787318936
"743",2021-10-22 14:04:00,0.0843020611931909,0.308547331635354,4.69036733817273
"744",2021-10-22 14:05:00,0.0776482326995008,0.304558588553393,4.68896613003586
"745",2021-10-22 14:06:00,0.0966381085855231,0.313622528144741,4.85211691064558
"746",2021-10-22 14:07:00,0.0780867074019048,0.30993239123475,4.69111904137066
"747",2021-10-22 14:08:00,0.07091514279677,0.306066437466431,4.57675399942188
"748",2021-10-22 14:09:00,0.084374105777025,0.307930243350823,4.62926684800749
"749",2021-10-22 14:10:00,0.0790464862556362,0.320938768653533,4.65583817165444
"750",2021-10-22 14:11:00,0.0869778247625365,0.310546296333599,4.71504813958575
"751",2021-10-22 14:12:00,0.0933168410181321,0.311054370969787,4.69746624947003
"752",2021-10-22 14:13:00,0.0897396741898517,0.312383768266906,4.83819903022847
"753",2021-10-22 14:14:00,0.0849545064607324,0.311185116162412,4.69770189506853
"754",2021-10-22 14:15:00,0.0982436515890888,0.312687965172985,4.78376015243843
"755",2021-10-22 14:16:00,0.102525714453898,0.304152391709354,4.38037301745347
"756",2021-10-22 14:17:00,0.104040221973521,0.301507468591566,4.39754766272927
"757",2021-10-22 14:18:00,0.101789129208601,0.299170259796921,4.32937315887561
"758",2021-10-22 14:19:00,0.102134341233254,0.302127577106111,4.29042381994808
"759",2021-10-22 14:20:00,0.104965192229079,0.301764071696742,4.38766153206269
"760",2021-10-22 14:21:00,0.100877078174727,0.298979024632892,4.24926539543099
"761",2021-10-22 14:22:00,0.111098741051008,0.303744177242538,4.32634981235463
"762",2021-10-22 14:23:00,0.109013627418239,0.299893514656618,4.33437298872626
"763",2021-10-22 14:24:00,0.0959835421000924,0.297165465396603,4.33999357556232
"764",2021-10-22 14:25:00,0.0990672311023169,0.296463837504404,4.29133371855679
"765",2021-10-22 14:26:00,0.110264731850706,0.2974248216429,4.3476923784028
